Peak Name,RT,RRT,LCAP ,Area ,Height ,As (EP),Amount ,id,excel_sheet
,2.09335,n.a.,0.010206328576600676,0.006001256411896328,0.11064327117330484,0.669932148183895,n.a.,JJS-21-017,JJS-21-017-FILTER-AVGJJS-21-017.xls
,2.27335,n.a.,0.05129586363970803,0.03016164218711511,0.6365170708266246,0.9473754300008977,n.a.,JJS-21-017,JJS-21-017-FILTER-AVGJJS-21-017.xls
,2.506683333333333,n.a.,0.09349713743274432,0.05497572327806531,1.2062160627474614,1.0527822612911184,n.a.,JJS-21-017,JJS-21-017-FILTER-AVGJJS-21-017.xls
Cis Acid,3.850016666666667,n.a.,0.1253752964939534,0.07371987843922018,0.8636840794350971,0.9808084182616369,0.0008058817023504021,JJS-21-017,JJS-21-017-FILTER-AVGJJS-21-017.xls
,5.42335,n.a.,0.2776345072175208,0.16324732778275444,1.45842425335504,0.9476807541599817,n.a.,JJS-21-017,JJS-21-017-FILTER-AVGJJS-21-017.xls
Cis Mono Ester,7.9466833333333335,n.a.,0.21546422638989451,0.12669159732140448,1.099553623060943,0.9579388326624776,n.a.,JJS-21-017,JJS-21-017-FILTER-AVGJJS-21-017.xls
,10.26335,n.a.,0.012362331937733688,0.007268972701643576,0.06903244949695334,0.8854699003709663,n.a.,JJS-21-017,JJS-21-017-FILTER-AVGJJS-21-017.xls
,11.496683333333333,n.a.,0.011635480672361987,0.006841588771754489,0.05376581516989529,0.6802220466470148,n.a.,JJS-21-017,JJS-21-017-FILTER-AVGJJS-21-017.xls
Cis/Trans Atracurium,13.086683333333333,n.a.,0.08779425515931517,0.051622464703951744,0.5148610815117525,n.a.,n.a.,JJS-21-017,JJS-21-017-FILTER-AVGJJS-21-017.xls
Cis,13.366683333333333,n.a.,97.99396899078647,57.61983168770328,577.5440244062864,1.1949374914455086,0.5010968603662719,JJS-21-017,JJS-21-017-FILTER-AVGJJS-21-017.xls
cis-monoacrylate,15.280016666666667,n.a.,0.25594688391121,0.15049514295458982,0.9141791247091928,n.a.,n.a.,JJS-21-017,JJS-21-017-FILTER-AVGJJS-21-017.xls
,16.216683333333332,n.a.,0.8648186977824907,0.5085079043108357,0.3660678393244732,n.a.,n.a.,JJS-21-017,JJS-21-017-FILTER-AVGJJS-21-017.xls
,2.2700666666666667,n.a.,0.050871453642555554,0.03026986963140767,0.6409850908825035,0.9951274511315372,n.a.,JJS-21-017,JJS-21-017-PF4JJS-21-017.xls
,2.5100666666666664,n.a.,0.09184944339733689,0.054652864785231195,1.1965800974841,0.9764518506041754,n.a.,JJS-21-017,JJS-21-017-PF4JJS-21-017.xls
Cis Acid,3.8500666666666667,n.a.,0.12061869278935619,0.07177133430270913,0.8588252367463811,1.0021417978697276,0.0007845808524428553,JJS-21-017,JJS-21-017-PF4JJS-21-017.xls
,5.4234,n.a.,0.28429884895052254,0.16916538604457435,1.5008616861550368,0.9476038733976576,n.a.,JJS-21-017,JJS-21-017-PF4JJS-21-017.xls
Cis Mono Ester,7.946733333333333,n.a.,0.20689743300029464,0.12310948234341057,1.0976069667133979,0.9173076043717462,n.a.,JJS-21-017,JJS-21-017-PF4JJS-21-017.xls
,10.2634,n.a.,0.010050503411172139,0.005980317175990879,0.05902887718060731,0.8081234515144623,n.a.,JJS-21-017,JJS-21-017-PF4JJS-21-017.xls
,11.496733333333333,n.a.,0.011760538606738404,0.006997833655834666,0.04910496313188592,0.9738556947023549,n.a.,JJS-21-017,JJS-21-017-PF4JJS-21-017.xls
Cis/Trans Atracurium,13.086733333333333,n.a.,0.08931605529302308,0.05314543139867689,0.5383828223057514,n.a.,n.a.,JJS-21-017,JJS-21-017-PF4JJS-21-017.xls
Cis,13.366733333333332,n.a.,98.0076028933911,58.31713367805168,582.4140854998973,1.1927011817492463,0.5071610196644898,JJS-21-017,JJS-21-017-PF4JJS-21-017.xls
cis-monoacrylate,15.276733333333333,n.a.,0.24728302881203681,0.14713998732559036,0.9210651547322182,n.a.,n.a.,JJS-21-017,JJS-21-017-PF4JJS-21-017.xls
,16.2334,n.a.,0.8794511087058862,0.5232968295888232,0.3742323717277668,n.a.,n.a.,JJS-21-017,JJS-21-017-PF4JJS-21-017.xls
,2.27,n.a.,0.05083069165146275,0.07414595075648213,1.543157269752731,0.9966360954130249,n.a.,JJS-21-017,JJS-21-017-M4JJS-21-017.xls
,2.506666666666667,n.a.,0.038062158166066326,0.055520686683109007,1.212670468923329,1.0135413019041843,n.a.,JJS-21-017,JJS-21-017-M4JJS-21-017.xls
Cis Acid,3.8533333333333335,n.a.,0.2163777644414277,0.31562692825585636,3.7515411460446417,0.9633524115154368,0.0034503307877829484,JJS-21-017,JJS-21-017-M4JJS-21-017.xls
,5.426666666666667,n.a.,0.33613041881076705,0.49030828956232886,4.371716312345917,0.9464855989620219,n.a.,JJS-21-017,JJS-21-017-M4JJS-21-017.xls
Cis Mono Ester,7.953333333333333,n.a.,0.3072192326539179,0.4481359854788856,3.962078901912019,0.9442227092067397,n.a.,JJS-21-017,JJS-21-017-M4JJS-21-017.xls
,10.26,n.a.,0.011326762417321543,0.0165221747164821,0.14582015796844955,0.9832883765814426,n.a.,JJS-21-017,JJS-21-017-M4JJS-21-017.xls
,11.5,n.a.,0.009676207196548452,0.014114535116386787,0.11299916237453347,0.8845853595900768,n.a.,JJS-21-017,JJS-21-017-M4JJS-21-017.xls
Cis/Trans Atracurium,13.086666666666666,n.a.,0.08173528529780318,0.11922600778900742,1.275739027636208,n.a.,n.a.,JJS-21-017,JJS-21-017-M4JJS-21-017.xls
Cis,13.32,n.a.,98.39392090024147,143.52570419128972,1224.9189625770607,1.5945786217367044,1.2481862172371139,JJS-21-017,JJS-21-017-M4JJS-21-017.xls
cis-monoacrylate,15.286666666666667,n.a.,0.20705716229137996,0.30203110876992745,2.4152342298453138,0.7833257843036641,n.a.,JJS-21-017,JJS-21-017-M4JJS-21-017.xls
,16.403333333333332,n.a.,0.3476634168318417,0.5071312969927344,0.36807874206231483,1.8801781779368996,n.a.,JJS-21-017,JJS-21-017-M4JJS-21-017.xls
,2.093383333333333,n.a.,0.010791606026861873,0.006403867161277558,0.121918948186682,0.6684171435661255,n.a.,JJS-21-017,JJS-21-017-FILTERENDJJS-21-017.xls
,2.2733833333333333,n.a.,0.05152297009577336,0.0305743422643974,0.6382142510000128,0.9333679507604412,n.a.,JJS-21-017,JJS-21-017-FILTERENDJJS-21-017.xls
,2.5067166666666667,n.a.,0.09193244262789667,0.05455380310728573,1.192855649807356,1.0438336827684391,n.a.,JJS-21-017,JJS-21-017-FILTERENDJJS-21-017.xls
Cis Acid,3.85005,n.a.,0.12510633957711081,0.07423958748042547,0.8911197747287258,0.9883526629866124,0.000811562992332435,JJS-21-017,JJS-21-017-FILTERENDJJS-21-017.xls
,5.42005,n.a.,0.2795412853344729,0.16588311813077866,1.4794339403820038,0.9549522272276944,n.a.,JJS-21-017,JJS-21-017-FILTERENDJJS-21-017.xls
Cis Mono Ester,7.943383333333333,n.a.,0.21076239422603324,0.12506890743201188,1.1132652881678802,0.9507393413391945,n.a.,JJS-21-017,JJS-21-017-FILTERENDJJS-21-017.xls
,10.256716666666666,n.a.,0.010080101745033829,0.005981652071682414,0.06377696996906489,1.0148912495436746,n.a.,JJS-21-017,JJS-21-017-FILTERENDJJS-21-017.xls
Cis/Trans Atracurium,13.09005,n.a.,0.08815032059930297,0.05230944698470601,0.5192363573233553,n.a.,n.a.,JJS-21-017,JJS-21-017-FILTERENDJJS-21-017.xls
Cis,13.366716666666667,n.a.,98.01994756548964,58.166200823337526,583.7853806267836,1.2226400115941651,0.5058484163921771,JJS-21-017,JJS-21-017-FILTERENDJJS-21-017.xls
cis-monoacrylate,15.28005,n.a.,0.2491853441479747,0.14786954216905335,0.9139777396230977,n.a.,n.a.,JJS-21-017,JJS-21-017-FILTERENDJJS-21-017.xls
,16.366716666666665,n.a.,0.8629796301298839,0.5121023599716472,0.3731543805804282,n.a.,n.a.,JJS-21-017,JJS-21-017-FILTERENDJJS-21-017.xls
,2.09335,n.a.,0.01016305462497926,0.006010942166681348,0.12272113089778641,0.6572294539261371,n.a.,JJS-21-017,JJS-21-017-PF3JJS-21-017.xls
,2.270016666666667,n.a.,0.05277688344051529,0.031214905931814505,0.6499319446841656,1.0120815089756101,n.a.,JJS-21-017,JJS-21-017-PF3JJS-21-017.xls
,2.506683333333333,n.a.,0.09329108456602818,0.055177044174798844,1.2016389530167346,1.0753593610192758,n.a.,JJS-21-017,JJS-21-017-PF3JJS-21-017.xls
Cis Acid,3.85335,n.a.,0.12115684232189565,0.07165825622000258,0.8496551407407177,0.9781404167797026,0.0007833447196694515,JJS-21-017,JJS-21-017-PF3JJS-21-017.xls
,5.42335,n.a.,0.2818647822123764,0.16670902275173843,1.4621960952688264,0.9459754051167368,n.a.,JJS-21-017,JJS-21-017-PF3JJS-21-017.xls
Cis Mono Ester,7.9500166666666665,n.a.,0.21220070275111438,0.125506178903244,1.1013172577147534,0.9284657884568774,n.a.,JJS-21-017,JJS-21-017-PF3JJS-21-017.xls
,10.27335,n.a.,0.011581085387955794,0.006849636951010953,0.06335574607278224,0.9218110048835466,n.a.,JJS-21-017,JJS-21-017-PF3JJS-21-017.xls
Cis/Trans Atracurium,13.09335,n.a.,0.08839654185847264,0.05228216520060182,0.5201870832953892,n.a.,n.a.,JJS-21-017,JJS-21-017-PF3JJS-21-017.xls
Cis,13.366683333333333,n.a.,98.0084598768599,57.96713743103753,581.2438894898803,1.2235274759760526,0.5041172408928104,JJS-21-017,JJS-21-017-PF3JJS-21-017.xls
cis-monoacrylate,15.28335,n.a.,0.2308234303937252,0.13652059759685797,0.8976885295749947,n.a.,n.a.,JJS-21-017,JJS-21-017-PF3JJS-21-017.xls
,16.38335,n.a.,0.8892857155830364,0.5259683435024712,0.3789333393467299,n.a.,n.a.,JJS-21-017,JJS-21-017-PF3JJS-21-017.xls
,2.27,n.a.,0.051526139799759826,0.041629110191292854,0.8717217209182341,0.984293779171702,n.a.,JJS-21-017,JJS-21-017-M3JJS-21-017.xls
,2.506666666666667,n.a.,0.0686706103443635,0.05548050787499839,1.215499361246358,1.0168037754682526,n.a.,JJS-21-017,JJS-21-017-M3JJS-21-017.xls
Cis Acid,3.8533333333333335,n.a.,0.14805799532697317,0.11961933546974575,1.4176346108747702,0.9753144401528102,0.0013076396182864118,JJS-21-017,JJS-21-017-M3JJS-21-017.xls
,5.423333333333333,n.a.,0.310886954444284,0.25117245991823484,2.233530612397019,0.9648994357490069,n.a.,JJS-21-017,JJS-21-017-M3JJS-21-017.xls
Cis Mono Ester,7.953333333333333,n.a.,0.2413708684138328,0.19500887350024868,1.7149380803626764,0.9379697549555291,n.a.,JJS-21-017,JJS-21-017-M3JJS-21-017.xls
,10.27,n.a.,0.011135103258440032,0.008996296682391582,0.08400868293609937,1.0218644911975883,n.a.,JJS-21-017,JJS-21-017-M3JJS-21-017.xls
,11.49,n.a.,0.010318868692951766,0.008336842688735115,0.0631319126702211,0.9313860585787049,n.a.,JJS-21-017,JJS-21-017-M3JJS-21-017.xls
Cis/Trans Atracurium,13.096666666666666,n.a.,0.0837006220733457,0.06762358742401481,0.6945523326425488,n.a.,n.a.,JJS-21-017,JJS-21-017-M3JJS-21-017.xls
Cis,13.36,n.a.,98.02944626334673,79.20016202159401,761.6495495018366,1.323749540828085,0.688772448080414,JJS-21-017,JJS-21-017-M3JJS-21-017.xls
cis-monoacrylate,15.29,n.a.,0.18645078112992872,0.1506377179248077,1.191416648328293,0.7728631602709749,n.a.,JJS-21-017,JJS-21-017-M3JJS-21-017.xls
,16.83,n.a.,0.8584357931694117,0.6935493007020466,0.4487724596423506,0.952909425309575,n.a.,JJS-21-017,JJS-21-017-M3JJS-21-017.xls
,2.2634,n.a.,0.051745099137500854,0.03756393371543901,0.7939291090544481,1.025752219031626,n.a.,JJS-21-017,JJS-21-017-FILLALL_2JJS-21-017.xls
,2.5000666666666667,n.a.,0.07573112043814073,0.05497639072591099,1.190610902496468,1.0383456055784261,n.a.,JJS-21-017,JJS-21-017-FILLALL_2JJS-21-017.xls
Cis Acid,3.8500666666666667,n.a.,0.1373819576458806,0.09973131439933987,1.1405824992955236,0.9856862554629721,0.0010902302489829414,JJS-21-017,JJS-21-017-FILLALL_2JJS-21-017.xls
,5.426733333333333,n.a.,0.2775430111221976,0.20148009080577656,1.7561842662574774,0.9576120199307837,n.a.,JJS-21-017,JJS-21-017-FILLALL_2JJS-21-017.xls
Cis Mono Ester,7.960066666666667,n.a.,0.2198791139627033,0.1596194538222187,1.3856947727112507,0.9385722085301234,n.a.,JJS-21-017,JJS-21-017-FILLALL_2JJS-21-017.xls
,10.266733333333333,n.a.,0.011620056220800309,0.008435485271521676,0.07870131076089125,1.3299306007051312,n.a.,JJS-21-017,JJS-21-017-FILLALL_2JJS-21-017.xls
,11.510066666666667,n.a.,0.012075256269534351,0.008765934043345906,0.05942038747652824,1.2987296440232945,n.a.,JJS-21-017,JJS-21-017-FILLALL_2JJS-21-017.xls
Cis/Trans Atracurium,13.116733333333332,n.a.,0.08531981169407148,0.06193722312857915,0.6214822983082335,n.a.,n.a.,JJS-21-017,JJS-21-017-FILLALL_2JJS-21-017.xls
Cis,13.3834,n.a.,98.0322239175875,71.16569535275191,688.5293880315936,1.2574678396356977,0.618899872882777,JJS-21-017,JJS-21-017-FILLALL_2JJS-21-017.xls
cis-monoacrylate,15.310066666666666,n.a.,0.17245966048098632,0.12519568737669962,0.9674741126456219,0.7897970005497756,n.a.,JJS-21-017,JJS-21-017-FILLALL_2JJS-21-017.xls
,16.4234,n.a.,0.9240209954406735,0.6707855237106387,0.4164991602153208,n.a.,n.a.,JJS-21-017,JJS-21-017-FILLALL_2JJS-21-017.xls
,2.09335,n.a.,0.011561822307074126,0.006804941228409246,0.12595344950672235,0.6605786612277704,n.a.,JJS-21-017,JJS-21-017-S2JJS-21-017.xls
,2.27335,n.a.,0.05169309860346692,0.030425004689418736,0.6378909987773095,0.9434564390861132,n.a.,JJS-21-017,JJS-21-017-S2JJS-21-017.xls
,2.506683333333333,n.a.,0.0931956641746192,0.054852167816384585,1.19629058543485,1.0412755484095535,n.a.,JJS-21-017,JJS-21-017-S2JJS-21-017.xls
Cis Acid,3.85335,n.a.,0.12408981175464755,0.07303553484973392,0.8536602973402937,0.9515331850153049,0.0007984006811039758,JJS-21-017,JJS-21-017-S2JJS-21-017.xls
,5.426683333333333,n.a.,0.27789809960396594,0.16356247182025496,1.4583209705069897,0.9668743982196784,n.a.,JJS-21-017,JJS-21-017-S2JJS-21-017.xls
Cis Mono Ester,7.95335,n.a.,0.2094432925924269,0.1232720291769183,1.088678054050095,0.9137077998508712,n.a.,JJS-21-017,JJS-21-017-S2JJS-21-017.xls
,10.276683333333333,n.a.,0.009958653097927593,0.005861364000037339,0.05867035895631512,0.7050793852158586,n.a.,JJS-21-017,JJS-21-017-S2JJS-21-017.xls
,11.490016666666667,n.a.,0.010180801591224063,0.005992113928613667,0.05575323793020713,1.0351163124486176,n.a.,JJS-21-017,JJS-21-017-S2JJS-21-017.xls
Cis/Trans Atracurium,13.09335,n.a.,0.0883859403980724,0.05202130891239869,0.5185877927690217,n.a.,n.a.,JJS-21-017,JJS-21-017-S2JJS-21-017.xls
Cis,13.37335,n.a.,98.02833014482526,57.69652980624704,578.7731790302832,1.1774329741810121,0.501763873532964,JJS-21-017,JJS-21-017-S2JJS-21-017.xls
cis-monoacrylate,15.286683333333333,n.a.,0.2464527078023125,0.1450546590005036,0.9227815164705463,n.a.,n.a.,JJS-21-017,JJS-21-017-S2JJS-21-017.xls
,16.236683333333332,n.a.,0.8488099632490114,0.49958404138970497,0.359786718291953,n.a.,n.a.,JJS-21-017,JJS-21-017-S2JJS-21-017.xls
,2.093366666666667,n.a.,0.01041813232193661,0.006175491343726238,0.12624203365071995,0.6587084396872308,n.a.,JJS-21-017,JJS-21-017-S1JJS-21-017.xls
,2.2733666666666665,n.a.,0.052908302730112725,0.03136212474793392,0.6427280610825197,0.9496969840675799,n.a.,JJS-21-017,JJS-21-017-S1JJS-21-017.xls
,2.5100333333333333,n.a.,0.09259344129405024,0.05488603691404623,1.2005725886678067,0.9731603701802809,n.a.,JJS-21-017,JJS-21-017-S1JJS-21-017.xls
Cis Acid,3.8533666666666666,n.a.,0.2414010090921116,0.14309377112403554,1.6933705600920719,0.9606894627423191,0.0015642545038140787,JJS-21-017,JJS-21-017-S1JJS-21-017.xls
,5.4267,n.a.,0.3132035527855125,0.18565571728999636,1.63877238057088,0.9427098133112459,n.a.,JJS-21-017,JJS-21-017-S1JJS-21-017.xls
Cis Mono Ester,7.950033333333334,n.a.,0.2940235583681516,0.1742865115785534,1.5422557364437395,0.9289853373720397,n.a.,JJS-21-017,JJS-21-017-S1JJS-21-017.xls
,10.263366666666666,n.a.,0.011708402454284356,0.00694031672577714,0.061821703652208196,1.0679658205170492,n.a.,JJS-21-017,JJS-21-017-S1JJS-21-017.xls
,11.480033333333333,n.a.,0.011342782055430892,0.00672359020144081,0.05377215304628607,0.9097226417384511,n.a.,JJS-21-017,JJS-21-017-S1JJS-21-017.xls
Cis/Trans Atracurium,13.093366666666666,n.a.,0.08740175458456967,0.0518085931512878,0.5212586517492048,n.a.,n.a.,JJS-21-017,JJS-21-017-S1JJS-21-017.xls
Cis,13.370033333333334,n.a.,97.75508596699832,57.94567284610898,578.36853214239,1.1808010491191934,0.5039305718970546,JJS-21-017,JJS-21-017-S1JJS-21-017.xls
cis-monoacrylate,15.283366666666666,n.a.,0.27357995214718156,0.16216828257638233,1.0222568315529783,n.a.,n.a.,JJS-21-017,JJS-21-017-S1JJS-21-017.xls
,16.223366666666667,n.a.,0.856333145168323,0.5076032595782786,0.36201277927830366,n.a.,n.a.,JJS-21-017,JJS-21-017-S1JJS-21-017.xls
,1.98005,n.a.,3.331678929284288,0.0026791481899261552,0.10819138539285098,n.a.,n.a.,JJS-21-017,JJS-21-017-DILUENTJJS-21-017.xls
,2.09005,n.a.,10.219444089800847,0.008217900258811294,0.12790891711978497,n.a.,n.a.,JJS-21-017,JJS-21-017-DILUENTJJS-21-017.xls
,2.5067166666666667,n.a.,74.17937749383263,0.059650869474731624,1.3038587530352768,0.9719616076746292,n.a.,JJS-21-017,JJS-21-017-DILUENTJJS-21-017.xls
,3.1567166666666666,n.a.,9.45788616903787,0.007605498353272828,0.0905195972974174,1.0640559498834128,n.a.,JJS-21-017,JJS-21-017-DILUENTJJS-21-017.xls
,12.24005,n.a.,2.81161331804438,0.0022609407724138216,0.07287845679717325,1.9220591896144528,n.a.,JJS-21-017,JJS-21-017-DILUENTJJS-21-017.xls
,2.093383333333333,n.a.,0.010539269933362174,0.00611849440210669,0.12093948004647831,0.6611269162264565,n.a.,JJS-21-017,JJS-21-017-S5JJS-21-017.xls
,2.2733833333333333,n.a.,0.0521463935723788,0.030273199109615005,0.6373541865415875,0.9317343092133729,n.a.,JJS-21-017,JJS-21-017-S5JJS-21-017.xls
,2.5067166666666667,n.a.,0.09519252309308061,0.055263307928352934,1.2079090822561729,1.0621196504467236,n.a.,JJS-21-017,JJS-21-017-S5JJS-21-017.xls
Cis Acid,3.8533833333333334,n.a.,0.12422267302864885,0.0721165445373548,0.8535257230292173,0.9737260397011204,0.0007883545783015382,JJS-21-017,JJS-21-017-S5JJS-21-017.xls
,5.426716666666667,n.a.,0.2858223076287185,0.16593200480497022,1.4650056562402314,0.9794023902740849,n.a.,JJS-21-017,JJS-21-017-S5JJS-21-017.xls
Cis Mono Ester,7.956716666666667,n.a.,0.2113561829885005,0.12270125261449058,1.0787244748670053,0.9166808659705186,n.a.,JJS-21-017,JJS-21-017-S5JJS-21-017.xls
,10.27005,n.a.,0.011947635060308638,0.006936110252144535,0.0667962723284107,0.861029985269985,n.a.,JJS-21-017,JJS-21-017-S5JJS-21-017.xls
,11.483383333333334,n.a.,0.010560071423053865,0.006130570551502124,0.04699944412727258,0.9121859869124669,n.a.,JJS-21-017,JJS-21-017-S5JJS-21-017.xls
Cis/Trans Atracurium,13.096716666666667,n.a.,0.08872099385071046,0.05150630998704678,0.5115238868248229,n.a.,n.a.,JJS-21-017,JJS-21-017-S5JJS-21-017.xls
Cis,13.373383333333333,n.a.,98.70132415615431,57.300316165001604,571.5924964283653,1.2187665104342449,0.49831816038443444,JJS-21-017,JJS-21-017-S5JJS-21-017.xls
cis-monoacrylate,15.293383333333333,n.a.,0.16711652120675546,0.09701824756061495,0.7948287314350331,0.7885269876671346,n.a.,JJS-21-017,JJS-21-017-S5JJS-21-017.xls
,16.38005,n.a.,0.2410512720601714,0.13994051467000912,0.16239103551397033,1.9074440850160432,n.a.,JJS-21-017,JJS-21-017-S5JJS-21-017.xls
,2.0933333333333333,n.a.,0.009425907992564911,0.005530185692195645,0.10396483260472653,0.6546910014619607,n.a.,JJS-21-017,JJS-21-017-FILLALLJJS-21-017.xls
,2.28,n.a.,0.05288191025090852,0.03102584744899148,0.6625468339264073,0.8958640632796574,n.a.,JJS-21-017,JJS-21-017-FILLALLJJS-21-017.xls
,2.506666666666667,n.a.,0.09608156226879769,0.056371108370868256,1.2579860132000757,1.0578619561435547,n.a.,JJS-21-017,JJS-21-017-FILLALLJJS-21-017.xls
,2.87,n.a.,0.010304567986460351,0.006045696020789786,0.10528497179626059,0.9728079997303489,n.a.,JJS-21-017,JJS-21-017-FILLALLJJS-21-017.xls
Cis Acid,3.8533333333333335,n.a.,0.12887329398954653,0.07561003641126994,0.8884328425754168,0.9558201224200167,0.0008265442937229927,JJS-21-017,JJS-21-017-FILLALLJJS-21-017.xls
,5.426666666666667,n.a.,0.28387648082557065,0.16655049612734812,1.4662793107650676,0.9625771178411627,n.a.,JJS-21-017,JJS-21-017-FILLALLJJS-21-017.xls
Cis Mono Ester,7.956666666666667,n.a.,0.2130448947256854,0.12499356343565533,1.0993255728478728,0.9475536350833528,n.a.,JJS-21-017,JJS-21-017-FILLALLJJS-21-017.xls
,10.266666666666667,n.a.,0.009329540197440794,0.005473646650842365,0.05917766447412874,0.8775342235153966,n.a.,JJS-21-017,JJS-21-017-FILLALLJJS-21-017.xls
,11.5,n.a.,0.012755736099144767,0.007483797775721616,0.05218866336142931,1.1713632983218265,n.a.,JJS-21-017,JJS-21-017-FILLALLJJS-21-017.xls
Cis/Trans Atracurium,13.096666666666666,n.a.,0.08799323369523956,0.05162568130044162,0.5189354561470805,n.a.,n.a.,JJS-21-017,JJS-21-017-FILLALLJJS-21-017.xls
Cis,13.376666666666667,n.a.,97.84407537118179,57.40517583140366,573.1055240223563,1.181159815385337,0.4992300833816746,JJS-21-017,JJS-21-017-FILLALLJJS-21-017.xls
cis-monoacrylate,15.29,n.a.,0.24183636567430608,0.14188553615838104,0.8969926124660502,n.a.,n.a.,JJS-21-017,JJS-21-017-FILLALLJJS-21-017.xls
,16.36,n.a.,1.009521135112537,0.5922866361280168,0.39310199585895855,n.a.,n.a.,JJS-21-017,JJS-21-017-FILLALLJJS-21-017.xls
,2.0934,n.a.,0.010628576748638987,0.0062558179158616325,0.11561781570887578,0.6668206431123982,n.a.,JJS-21-017,JJS-21-017-S4JJS-21-017.xls
,2.2734,n.a.,0.05132307080931298,0.03020797548524536,0.631683294995647,0.9197281945886521,n.a.,JJS-21-017,JJS-21-017-S4JJS-21-017.xls
,2.5067333333333335,n.a.,0.0947498291502134,0.05576830207286551,1.2083827407703776,1.0216758655583151,n.a.,JJS-21-017,JJS-21-017-S4JJS-21-017.xls
Cis Acid,3.8534,n.a.,0.12198793712420883,0.07180023634663493,0.8529890336589785,0.974230385600314,0.000784896800174369,JJS-21-017,JJS-21-017-S4JJS-21-017.xls
,5.426733333333333,n.a.,0.2784365609440738,0.1638835064730453,1.4466210281910572,0.9544047443084345,n.a.,JJS-21-017,JJS-21-017-S4JJS-21-017.xls
Cis Mono Ester,7.956733333333333,n.a.,0.21283728367484525,0.12527277394378503,1.0873544626406557,0.922606170845859,n.a.,JJS-21-017,JJS-21-017-S4JJS-21-017.xls
,10.2734,n.a.,0.012237072390702904,0.007202553879968712,0.05985780716480064,0.947415434375893,n.a.,JJS-21-017,JJS-21-017-S4JJS-21-017.xls
Cis/Trans Atracurium,13.096733333333333,n.a.,0.08543282413890453,0.05028445524648942,0.5204248773326763,n.a.,n.a.,JJS-21-017,JJS-21-017-S4JJS-21-017.xls
Cis,13.3734,n.a.,98.02185449685541,57.69416620959459,573.7276341157008,1.2162135165986718,0.501743318268795,JJS-21-017,JJS-21-017-S4JJS-21-017.xls
cis-monoacrylate,15.290066666666666,n.a.,0.24784175588041876,0.1458758715680223,0.9008485204737349,n.a.,n.a.,JJS-21-017,JJS-21-017-S4JJS-21-017.xls
,16.390066666666666,n.a.,0.8626705922832754,0.50775473276643,0.3712144111039938,n.a.,n.a.,JJS-21-017,JJS-21-017-S4JJS-21-017.xls
,2.093383333333333,n.a.,0.010071708765587136,0.005887604013601571,0.1154653729083625,0.6525706265098038,n.a.,JJS-21-017,JJS-21-017-S3JJS-21-017.xls
,2.27005,n.a.,0.05186805480750063,0.030320432686234917,0.6395609055855198,1.0372147621495742,n.a.,JJS-21-017,JJS-21-017-S3JJS-21-017.xls
,2.5067166666666667,n.a.,0.09587861493091873,0.05604762123529581,1.204386770383416,1.0483940027349616,n.a.,JJS-21-017,JJS-21-017-S3JJS-21-017.xls
Cis Acid,3.85005,n.a.,0.12458862476810882,0.0728305895559775,0.8578572571722145,0.978573409428074,0.0007961602858982609,JJS-21-017,JJS-21-017-S3JJS-21-017.xls
,5.423383333333334,n.a.,0.2906044824516568,0.16987823586589182,1.5092054030797621,0.951983604787569,n.a.,JJS-21-017,JJS-21-017-S3JJS-21-017.xls
Cis Mono Ester,7.95005,n.a.,0.212515136708375,0.12422966161515843,1.0918183752553512,0.947529547798841,n.a.,JJS-21-017,JJS-21-017-S3JJS-21-017.xls
,10.266716666666667,n.a.,0.012631536576621138,0.007383998800737189,0.1923835954557952,1.0365911395948786,n.a.,JJS-21-017,JJS-21-017-S3JJS-21-017.xls
,11.486716666666666,n.a.,0.010150677360518029,0.005933766569259672,0.04837110356562586,0.9815773940235473,n.a.,JJS-21-017,JJS-21-017-S3JJS-21-017.xls
Cis/Trans Atracurium,13.093383333333334,n.a.,0.0886295542277752,0.05181004845752684,0.5170267589707,n.a.,n.a.,JJS-21-017,JJS-21-017-S3JJS-21-017.xls
Cis,13.37005,n.a.,98.75271832751724,57.72773164030839,579.5963784314025,1.2204865356287897,0.5020352235287528,JJS-21-017,JJS-21-017-S3JJS-21-017.xls
cis-monoacrylate,15.286716666666667,n.a.,0.1670184056843913,0.09763370432360127,0.8261618670136571,0.7894516460755204,n.a.,JJS-21-017,JJS-21-017-S3JJS-21-017.xls
,16.376716666666667,n.a.,0.18332487620130675,0.10716595386511889,0.14133145951398907,1.778650044899203,n.a.,JJS-21-017,JJS-21-017-S3JJS-21-017.xls
,2.2666833333333334,n.a.,0.05198947736451995,0.12468124440996721,2.494139797621308,1.0717838906961112,n.a.,JJS-21-017,JJS-21-017-M2JJS-21-017.xls
,2.506683333333333,n.a.,0.02314227224554594,0.05549983281843973,1.2153876025373,1.0137225271714994,n.a.,JJS-21-017,JJS-21-017-M2JJS-21-017.xls
Cis Acid,3.85335,n.a.,0.18137029539261937,0.4349625207809382,5.206247423967578,0.9690765979785796,0.004754868620606378,JJS-21-017,JJS-21-017-M2JJS-21-017.xls
,5.42335,n.a.,0.34487640197824165,0.8270831165466611,7.423760531554397,0.969334749273437,n.a.,JJS-21-017,JJS-21-017-M2JJS-21-017.xls
Cis Mono Ester,7.95335,n.a.,0.2944156008550422,0.7060679458448681,6.261213998863983,0.9408973767503143,n.a.,JJS-21-017,JJS-21-017-M2JJS-21-017.xls
,10.266683333333333,n.a.,0.010234810568612135,0.0245451384142151,0.25459126193903103,0.9670743576667143,n.a.,JJS-21-017,JJS-21-017-M2JJS-21-017.xls
,11.50335,n.a.,0.009723787987604399,0.02331960327611579,0.17791395249153227,0.8384081394246268,n.a.,JJS-21-017,JJS-21-017-M2JJS-21-017.xls
Trans/Trans Atracurium,12.816683333333334,n.a.,0.00458339816979365,0.010991912525480246,0.06973093553855189,n.a.,n.a.,JJS-21-017,JJS-21-017-M2JJS-21-017.xls
Cis/Trans Atracurium,13.076683333333333,n.a.,0.07876432327522541,0.18889272096753126,2.0773593441589364,n.a.,n.a.,JJS-21-017,JJS-21-017-M2JJS-21-017.xls
Cis,13.276683333333333,n.a.,98.77462003456407,236.88144536793695,1743.631298973361,1.9255841908343263,2.060064132020535,JJS-21-017,JJS-21-017-M2JJS-21-017.xls
trans-monoquaternary,14.610016666666667,n.a.,0.01297140595312324,0.03110804566552495,0.14693650067206723,n.a.,n.a.,JJS-21-017,JJS-21-017-M2JJS-21-017.xls
cis-monoacrylate,15.28335,n.a.,0.19022794733899648,0.4562049552736217,3.091620783046034,0.6874618154183264,n.a.,JJS-21-017,JJS-21-017-M2JJS-21-017.xls
,15.56335,n.a.,0.006099074196507149,0.014626809099031107,0.08336582081803903,1.7609895160399704,n.a.,JJS-21-017,JJS-21-017-M2JJS-21-017.xls
,16.386683333333334,n.a.,0.016981170110098157,0.04072426822103961,0.15456878566326432,0.7692907682290201,n.a.,JJS-21-017,JJS-21-017-M2JJS-21-017.xls
,2.0933333333333333,n.a.,0.011118310302711189,0.006130027279999754,0.12090233607007606,0.6568974243404816,n.a.,JJS-21-017,JJS-21-017-PF2JJS-21-017.xls
,2.27,n.a.,0.05062206173905839,0.02791023194905702,0.5953060468615089,0.9980076218917769,n.a.,JJS-21-017,JJS-21-017-PF2JJS-21-017.xls
,2.506666666666667,n.a.,0.10042078788746439,0.05536652175278076,1.2060871824678845,1.0472994503486013,n.a.,JJS-21-017,JJS-21-017-PF2JJS-21-017.xls
Cis Acid,3.85,n.a.,0.1256328608291037,0.06926707774642896,0.8286876415610835,0.9779675298073816,0.000757205135344229,JJS-21-017,JJS-21-017-PF2JJS-21-017.xls
,5.423333333333333,n.a.,0.2813221863508507,0.15510564373971183,1.3822603795666006,0.9533926709474402,n.a.,JJS-21-017,JJS-21-017-PF2JJS-21-017.xls
Cis Mono Ester,7.953333333333333,n.a.,0.21310329355511493,0.11749348303690564,1.0372418919925037,0.9294173565216785,n.a.,JJS-21-017,JJS-21-017-PF2JJS-21-017.xls
,10.253333333333334,n.a.,0.012588039641401762,0.006940355530884446,0.06446053957304715,1.1132797744881968,n.a.,JJS-21-017,JJS-21-017-PF2JJS-21-017.xls
Cis/Trans Atracurium,13.09,n.a.,0.08935713805048044,0.04926663125947996,0.492203031438739,n.a.,n.a.,JJS-21-017,JJS-21-017-PF2JJS-21-017.xls
Cis,13.373333333333333,n.a.,97.71798144860536,53.87634233237687,544.7410514572135,1.1768530759428375,0.4685412157587756,JJS-21-017,JJS-21-017-PF2JJS-21-017.xls
cis-monoacrylate,15.28,n.a.,0.2430577618534285,0.1340087360589205,0.8404829613128559,n.a.,n.a.,JJS-21-017,JJS-21-017-PF2JJS-21-017.xls
,16.393333333333334,n.a.,1.1547961111850238,0.6366913201438202,0.43003365553128237,n.a.,n.a.,JJS-21-017,JJS-21-017-PF2JJS-21-017.xls
,2.0934,n.a.,0.006809340967022876,0.006330090891256388,0.12109399245271488,0.6616838872662126,n.a.,JJS-21-017,JJS-21-017-M5JJS-21-017.xls
,2.2700666666666667,n.a.,0.05059467087050109,0.04703375360031342,0.9980091876755132,1.0003120306333781,n.a.,JJS-21-017,JJS-21-017-M5JJS-21-017.xls
,2.5067333333333335,n.a.,0.060103876217357945,0.05587368898330287,1.2158833293473152,1.0409582528245445,n.a.,JJS-21-017,JJS-21-017-M5JJS-21-017.xls
Cis Acid,3.8534,n.a.,0.1800788694877503,0.16740468967153813,1.982988095591069,0.9545881616248005,0.0018300135479084902,JJS-21-017,JJS-21-017-M5JJS-21-017.xls
,5.420066666666667,n.a.,0.2754931791881304,0.2561036189298801,2.2936556675944466,0.9600247506545868,n.a.,JJS-21-017,JJS-21-017-M5JJS-21-017.xls
Cis Mono Ester,7.950066666666666,n.a.,0.27200910510304477,0.25286475840912326,2.2451942337909956,0.9384258404694983,n.a.,JJS-21-017,JJS-21-017-M5JJS-21-017.xls
,10.2634,n.a.,0.012066684233594095,0.011217415653682075,0.10409625256815577,1.005208644762423,n.a.,JJS-21-017,JJS-21-017-M5JJS-21-017.xls
,11.490066666666667,n.a.,0.010395819066082194,0.009664148101270328,0.07905017848840998,0.8547630209128705,n.a.,JJS-21-017,JJS-21-017-M5JJS-21-017.xls
Cis/Trans Atracurium,13.090066666666667,n.a.,0.08365755572329879,0.07776963057562342,0.8076138072558322,n.a.,n.a.,JJS-21-017,JJS-21-017-M5JJS-21-017.xls
Cis,13.346733333333333,n.a.,98.46459449993515,91.53453113507443,864.5307413189037,1.346069051284804,0.7960395721994661,JJS-21-017,JJS-21-017-M5JJS-21-017.xls
cis-monoacrylate,15.280066666666666,n.a.,0.16090620158172633,0.1495814185119992,1.1935652381067272,0.7899008164581796,n.a.,JJS-21-017,JJS-21-017-M5JJS-21-017.xls
,16.396733333333334,n.a.,0.4232901976263537,0.39349849527717096,0.31995177298779764,1.5978780932134722,n.a.,JJS-21-017,JJS-21-017-M5JJS-21-017.xls
,2.27335,n.a.,0.05098481319693392,0.030338469300113455,0.6450775551098191,0.9830062974988477,n.a.,JJS-21-017,JJS-21-017-PF5JJS-21-017.xls
,2.5100166666666666,n.a.,0.09186079820054718,0.05466168906663397,1.1925661016186384,0.9990268011738909,n.a.,JJS-21-017,JJS-21-017-PF5JJS-21-017.xls
Cis Acid,3.850016666666667,n.a.,0.11743855594221357,0.0698817118411403,0.8381524523193162,0.9864842229400006,0.0007639241150964399,JJS-21-017,JJS-21-017-PF5JJS-21-017.xls
,5.420016666666666,n.a.,0.28285577538828516,0.16831308618962124,1.491625948380837,0.9610473826232216,n.a.,JJS-21-017,JJS-21-017-PF5JJS-21-017.xls
Cis Mono Ester,7.9500166666666665,n.a.,0.211522435790825,0.1258662437329687,1.099142485772631,0.916369519215278,n.a.,JJS-21-017,JJS-21-017-PF5JJS-21-017.xls
Cis/Trans Atracurium,13.090016666666667,n.a.,0.08767709631626283,0.052172180853925235,0.5169032180980533,n.a.,n.a.,JJS-21-017,JJS-21-017-PF5JJS-21-017.xls
Cis,13.366683333333333,n.a.,97.95347699568373,58.28713235045516,582.4968013599494,1.216630138408438,0.506900109998059,JJS-21-017,JJS-21-017-PF5JJS-21-017.xls
cis-monoacrylate,15.28335,n.a.,0.2881748297752104,0.1714781849338306,0.9491860858555485,n.a.,n.a.,JJS-21-017,JJS-21-017-PF5JJS-21-017.xls
,16.240016666666666,n.a.,0.9160086997059929,0.5450701899666534,0.3859206633758048,n.a.,n.a.,JJS-21-017,JJS-21-017-PF5JJS-21-017.xls
,2.0934,n.a.,0.014193732211987187,0.006250323112666284,0.11985190223888671,0.6570347671245194,n.a.,JJS-21-017,JJS-21-017-PF1JJS-21-017.xls
,2.2700666666666667,n.a.,0.050612646588611844,0.022287682340437865,0.47177246747544516,1.005730115396747,n.a.,JJS-21-017,JJS-21-017-PF1JJS-21-017.xls
,2.5067333333333335,n.a.,0.12681432861387357,0.055843700396372306,1.2133143514857423,1.0394989512040194,n.a.,JJS-21-017,JJS-21-017-PF1JJS-21-017.xls
Cis Acid,3.8500666666666667,n.a.,0.1439446999385055,0.0633871959491824,0.7627742666208387,0.968270112667353,0.0006929281824692873,JJS-21-017,JJS-21-017-PF1JJS-21-017.xls
,5.420066666666667,n.a.,0.303251978749447,0.13353942595441465,1.189118451235212,0.9821009481141268,n.a.,JJS-21-017,JJS-21-017-PF1JJS-21-017.xls
Cis Mono Ester,7.9534,n.a.,0.2331584722397407,0.10267319167281799,0.9023767876178713,0.9063939302079725,n.a.,JJS-21-017,JJS-21-017-PF1JJS-21-017.xls
,8.756733333333333,n.a.,0.18945784761094256,0.08342927329561697,4.379386751600634,1.190185959981955,n.a.,JJS-21-017,JJS-21-017-PF1JJS-21-017.xls
,8.800066666666666,n.a.,0.09977650139683263,0.043937377672584044,0.2221240580759084,24.55147285824225,n.a.,JJS-21-017,JJS-21-017-PF1JJS-21-017.xls
Cis/Trans Atracurium,13.096733333333333,n.a.,0.09185122457470703,0.04044741885443928,0.3959067491919653,n.a.,n.a.,JJS-21-017,JJS-21-017-PF1JJS-21-017.xls
Cis,13.3834,n.a.,96.98902346938789,42.709889549253035,442.3772500327075,1.1386197276131196,0.3714309975030407,JJS-21-017,JJS-21-017-PF1JJS-21-017.xls
cis-monoacrylate,15.290066666666666,n.a.,0.25224295557232973,0.11107719602385367,0.723189112939543,n.a.,n.a.,JJS-21-017,JJS-21-017-PF1JJS-21-017.xls
,16.396733333333334,n.a.,1.5056721431151217,0.6630347293900825,0.43217923651913004,n.a.,n.a.,JJS-21-017,JJS-21-017-PF1JJS-21-017.xls
,2.2667333333333333,n.a.,0.052471632052162924,0.06186077377000895,1.2680781184755041,1.0267628381456613,n.a.,JJS-21-017,JJS-21-017-M1JJS-21-017.xls
,2.5067333333333335,n.a.,0.04720633908736818,0.055653322539900685,1.221452840810132,1.0028595103385345,n.a.,JJS-21-017,JJS-21-017-M1JJS-21-017.xls
Cis Acid,3.8534,n.a.,0.10942155171051518,0.1290011686543014,1.5226990833672431,0.9566787897907552,0.0014101987632281754,JJS-21-017,JJS-21-017-M1JJS-21-017.xls
,5.426733333333333,n.a.,0.315269383026706,0.3716828925892241,3.2908559940537163,0.9607209012491246,n.a.,JJS-21-017,JJS-21-017-M1JJS-21-017.xls
Cis Mono Ester,7.960066666666667,n.a.,0.20623355939634244,0.2431364732264881,2.142343672124989,0.9276842636539879,n.a.,JJS-21-017,JJS-21-017-M1JJS-21-017.xls
,10.280066666666666,n.a.,0.010516327011925342,0.012398092087728987,0.11516462828707187,0.9596259598699174,n.a.,JJS-21-017,JJS-21-017-M1JJS-21-017.xls
,11.496733333333333,n.a.,0.011099626023256079,0.013085765155422585,0.0952938833578276,1.2156965100233983,n.a.,JJS-21-017,JJS-21-017-M1JJS-21-017.xls
Cis/Trans Atracurium,13.1034,n.a.,0.08176373291715182,0.0963943294073863,1.0188713259257676,n.a.,n.a.,JJS-21-017,JJS-21-017-M1JJS-21-017.xls
Cis,13.346733333333333,n.a.,98.95486741826718,116.66160222951034,1046.3029979215896,1.4593131747838268,1.0145597598991642,JJS-21-017,JJS-21-017-M1JJS-21-017.xls
cis-monoacrylate,15.300066666666666,n.a.,0.18816167153777455,0.22183084725883234,1.758507503274911,0.7542301937334832,n.a.,JJS-21-017,JJS-21-017-M1JJS-21-017.xls
,16.4034,n.a.,0.022988758969619962,0.02710230961482557,0.09143023995580413,0.6397029411437639,n.a.,JJS-21-017,JJS-21-017-M1JJS-21-017.xls
